train_time,predict_time,accuracy,device,dataset,n_samples,n_features,n_classes
0.13754820823669434,0.0,0.9736842105263158,cpu,Breast Cancer,569,30,2
0.968111515045166,0.0,0.9736842105263158,gpu,Breast Cancer,569,30,2
0.059001922607421875,0.001001596450805664,1.0,cpu,Iris,150,4,3
0.4392051696777344,0.0,1.0,gpu,Iris,150,4,3
1.916513442993164,0.0010013580322265625,0.9638888888888889,cpu,Digits,1797,64,10
9.478568077087402,0.0010025501251220703,0.9694444444444444,gpu,Digits,1797,64,10
